{
  "best_params": {
    "knn__metric": "euclidean",
    "knn__n_neighbors": 5,
    "knn__weights": "uniform"
  },
  "best_cv_score": 0.7148214929679048,
  "fold_scores": [
    0.6861315748802226,
    0.5308072742259543,
    0.9039977332440369,
    0.7678635825047654,
    0.9710473442893205,
    0.7338622430580599,
    0.5062335788985627,
    0.6622018443150791,
    0.7229921178713101,
    0.6630776363917367
  ],
  "mean_score": 0.7148214929679048,
  "std_score": 0.13723032661214166,
  "n_splits": 10,
  "total_combinations_tested": 28
}